Cantril ladder score,(All),,,,,,,,,,,,,,,,,,,
,,,,,,,,,,,,,,,,,,,,
,Year,,,,,,,,,,,,,,,,,,,
,2003,2004,2005,2006,2007,2008,2009,2010,2011,2012,2013,2014,2015,2016,2017,2018,2019,2020,2021,Grand Total
Average of Cantril ladder score,6.446164241,5.196935279,5.418291406,5.41855397,5.457640121,5.496782151,5.424087843,5.443750546,5.394567934,5.389023383,5.404036589,5.399414293,5.460421471,5.499453646,5.570894446,5.840611471,5.532831544,5.553575342,5.539755474,5.480374473
